sma,inc,ecc,tau,aop,pan,mtot
4.116414343605417,50.17266914599532,0.025530595776677413,0.6050629970542755,23.240602995529773,303.5334318018658,0.9245426194202745
4.218284209526236,53.20627570169198,0.06562453598812101,0.6812798266067519,56.40012885329139,310.1349188313325,0.9684935322840434
4.294118861220793,55.70471475074039,0.09674640054763092,0.7422783777270752,81.91821526179814,315.55772699978536,0.997290386314071
4.369352952042139,58.067274168770766,0.12575573240096455,0.803417007254468,108.812033498182,320.74989179222615,1.0256306048159833
4.46310591379185,60.88380687257111,0.16535154175482342,0.8794180282895524,140.21972656470436,325.5690155487268,1.0666085256870244
