sma,inc,ecc,tau,aop,pan,mtot
4.141806848964465,51.24425520163544,0.02811632637450035,0.6416945403664667,36.17017901482131,308.0705119778264,0.9356832114792454
4.232214236186607,53.52256229366472,0.06344757613849795,0.7028431742031267,61.92038091657621,312.9134601900651,0.9727404142883695
4.29190228823152,55.48251827361317,0.09253716988394267,0.7397605695677033,80.52232275400885,316.78396517984277,0.9973543514704093
4.355580524245129,57.352751213000076,0.1163654771721903,0.7725398686112835,95.24190727840211,320.79956313685,1.024812048914566
4.450730161513141,59.80955255089621,0.14919733894263038,0.8095261186992476,113.04666622628251,324.7439926077201,1.0651019541829978
