sma,inc,ecc,tau,aop,pan,mtot
4.109061765708784,52.72136531126418,0.02367277992684903,0.1494794300193671,17.361962838651696,200.96121554424658,0.9175234549533374
4.196183210953692,64.09162656663209,0.0591627806968473,0.2817480717039231,51.53689722213668,226.57711137177768,0.9664834988956207
4.284865153195319,89.94774706128038,0.09975972717148188,0.5341218025120483,81.54149685988907,256.59201450564774,1.0029862086328294
4.38191499898886,114.0291231498652,0.1390441674548906,0.71320922007414,112.1722946490092,298.75784289565206,1.0360183200510327
4.46796064078645,121.04462689727734,0.1793618983562169,0.8305698766426032,143.63058219157418,339.3484176155063,1.0872011367110697
