sma,inc,ecc,tau,aop,pan,mtot
4.139839125392618,50.80402263584084,0.0311755709589379,0.6165848107974305,27.547315440161615,308.7874043741718,0.9318210082639636
4.234415710548605,53.10432049388973,0.0661845301819394,0.6838570748751238,54.80823857376251,313.59232031625334,0.969988209490042
4.298979383837921,55.229275953775186,0.09398143964836975,0.7334168495022519,77.34066988307903,317.6653023140897,0.9972025293876975
4.366259834064351,57.215057924517666,0.11974806870279586,0.7749058606053437,95.63438999721697,322.064394227886,1.023504505607999
4.458881100409286,59.50718283034767,0.15434678808324262,0.8227697104561903,118.00739100068122,326.8363183649126,1.0615562396873157
