sma,inc,ecc,tau,aop,pan,mtot
4.095075353668179,52.13502024335872,0.014019260894582641,0.10509702198249525,16.179890159180957,193.12786285055088,0.9025767409907429
4.177596217882143,61.764401297958024,0.05356152208121811,0.28564941618841433,49.70121800048436,222.50712303935225,0.9576028177239366
4.281654662868082,89.77131313901143,0.10011961388640472,0.5493673870854563,84.55803554958497,257.88452419256635,0.9995751308152893
4.389608519265326,114.63320361936134,0.14852287098248854,0.7304847228688598,119.0786964688919,301.3391125637822,1.040331305655498
4.4823373711812255,121.09240204497358,0.1876886648751702,0.8438186192335982,147.1749289866705,344.39304542674137,1.094648845287743
