sma,inc,ecc,tau,aop,pan,mtot
4.125281366270266,50.936765075727116,0.021752631039318338,0.1824290310039514,19.938506373331887,197.36328546904537,0.9190023285910351
4.211018214808129,56.54268375722236,0.06306374194654152,0.3591670722859583,50.236856250168486,226.36682407999808,0.9662259208204733
4.291331101254635,68.58218569356646,0.1012894662352063,0.656246064656546,79.26973460565293,267.47749967128385,0.9985392847349555
4.372856538709099,85.0755644269598,0.14237964969575712,0.7501473771490905,107.09819916048005,304.0315815792427,1.029615198309344
4.457799107262947,97.7468758493863,0.17894242245093595,0.8442782004589159,140.1820881282567,342.8285354074555,1.070471249751771
