epoch,object,raoff,raoff_err,decoff,decoff_err
2461345.5,1,129.39894929768937,5.7,108.99372972926345,5.7
