sma,inc,ecc,tau,aop,pan,mtot
4.102480600863421,50.100126025838605,0.014362344032568128,0.21151887532189487,16.621708149549853,193.90028997186954,0.9047689760883405
4.191554276189079,54.875520613066186,0.05455687358552404,0.3976078016430308,45.469859666094614,223.98446395652059,0.961187266906778
4.287815224852171,62.0381364127715,0.10040411077700542,0.6815599335237194,79.9871115356089,283.81304829228645,0.9986175532607457
4.378588536646376,77.66410920344232,0.14683075581151248,0.7817577419123011,113.01048635738756,320.2099769879668,1.0388044921757706
4.474902547791757,90.72294321061571,0.18929355061674596,0.8792287716687243,143.4320408560848,350.50190796513783,1.0904403806142295
