,per1,tc1,w1,e1,k1,per2,tc2,w2,e2,k2
0.0225,1252.5273275072732,2464954.721375168,-2.927249982208602,0.001234314413020889,3.666135987463629,3150.830039416758,2456548.997396759,-2.6171671310851603,0.010298075542942297,10.964769883321052
0.16,1259.805244320323,2464999.2371316217,-1.2544036202759263,0.008799959546394296,3.828965008092493,3177.5657680196273,2456565.6791899404,-2.135111189076751,0.029119381551905785,11.14191241779397
0.5,1267.35969960273,2465044.7982200463,1.1228484115985773,0.029658912727187643,3.9950606183898945,3209.149878018732,2456581.9546583593,-1.8664610462433995,0.04998521341001898,11.33913868298359
0.84,1275.185738529198,2465091.6907575675,2.130659787728389,0.062460216170288164,4.153961300169655,3303.0219644576136,2456598.156779703,-1.6150730235771258,0.07327363029353832,11.631654183040878
0.9775,1283.0760152479654,2465138.060712448,2.947359225804678,0.10245485277937509,4.3102807339004565,3332.794062324374,2456615.215567613,-1.1644190498731475,0.09280107850463382,11.887656134390825
